﻿Date Run,Status,Time,# of Errors,# of Warnings,# of Exceptions,Log File,Return Value,Error Message,# of Successes
2016-06-16 11:47:29.858 -0600,"Failure",0:00:00,3,1,0,"20160616_114729.858/LogFile.txt","","SenseTalk Compiler Exception -- in i_should_see_the_message_str:\nSyntax Error at line 6: Syntax Error - can't understand ""if"" at or near character 152",0
2016-06-16 11:48:42.010 -0600,"Failure",0:00:00,3,1,0,"20160616_114842.010/LogFile.txt","","SenseTalk Compiler Exception -- in i_should_see_the_message_str:\nSyntax Error at line 6: Syntax Error - can't understand ""if"" at or near character 152",0
2016-06-16 12:01:40.931 -0600,"Failure",0:00:00,3,1,0,"20160616_120140.931/LogFile.txt","","SenseTalk Compiler Exception -- in i_should_see_the_message_str:\nSyntax Error at line 5: Syntax Error - can't understand ""if"" at or near character 150",0
2016-06-16 12:01:50.278 -0600,"Failure",0:00:00,3,1,0,"20160616_120150.278/LogFile.txt","","SenseTalk Compiler Exception -- in i_should_see_the_message_str:\nSyntax Error at line 5: Syntax Error - can't understand ""if"" at or near character 150",0
2016-06-16 12:02:24.746 -0600,"Failure",0:00:00,3,1,0,"20160616_120224.746/LogFile.txt","","SenseTalk Compiler Exception -- in i_should_see_the_message_str:\nSyntax Error at line 5: Syntax Error - can't understand ""if"" at or near character 150",0
2016-06-16 12:02:51.258 -0600,"Failure",0:00:00,3,1,0,"20160616_120251.258/LogFile.txt","","SenseTalk Compiler Exception -- in i_should_see_the_message_str:\nSyntax Error at line 5: Syntax Error - can't understand ""if"" at or near character 150",0
2016-06-16 12:04:11.677 -0600,"Failure",0:00:00,3,1,0,"20160616_120411.677/LogFile.txt","","SenseTalk Compiler Exception -- in i_should_see_the_message_str:\nSyntax Error at line 5: Syntax Error - can't understand ""if"" at or near character 150",0
2016-06-16 12:05:04.477 -0600,"Failure",0:00:00,3,1,0,"20160616_120504.477/LogFile.txt","","SenseTalk Compiler Exception -- in i_should_see_the_message_str:\nSyntax Error at line 5: Syntax Error - can't understand ""if"" at or near character 150",0
2016-06-16 12:05:54.498 -0600,"Failure",0:00:00,3,1,0,"20160616_120554.498/LogFile.txt","","SenseTalk Compiler Exception -- in i_should_see_the_message_str:\nSyntax Error at line 5: Syntax Error - can't understand ""if"" at or near character 150",0
2016-06-16 12:09:00.058 -0600,"Failure",0:00:01,2,1,0,"20160616_120900.058/LogFile.txt","","SenseTalk Compiler Exception -- in i_should_see_the_message_str:\nSyntax Error at line 5: Syntax Error - can't understand ""if"" at or near character 150",1
2016-06-16 12:10:00.334 -0600,"Failure",0:00:13,2,0,0,"20160616_121000.334/LogFile.txt","","SenseTalk Compiler Exception -- in i_should_see_the_message_str:\nSyntax Error at line 5: Syntax Error - can't understand ""if"" at or near character 150",2
2016-06-16 12:11:32.284 -0600,"Running",0:00:00,0,0,0,"20160616_121132.284/LogFile.txt","","",0
2016-06-16 12:12:26.087 -0600,"Success",0:00:21,0,0,0,"20160616_121226.087/LogFile.txt","","",3
2016-06-16 12:13:57.635 -0600,"Success",0:00:21,0,0,0,"20160616_121357.635/LogFile.txt","","",3
2016-06-16 12:21:51.076 -0600,"Failure",0:00:56,2,1,1,"20160616_122151.076/LogFile.txt","","Image Not Found -- click Error - No Image Found On Screen: ""loginPanelPassword""",4
2016-06-16 12:26:52.405 -0600,"Running",0:00:00,0,0,0,"20160616_122652.405/LogFile.txt","","",0
2016-06-16 12:31:09.248 -0600,"Running",0:00:00,0,0,0,"20160616_123109.248/LogFile.txt","","",0
2016-06-16 12:32:16.745 -0600,"Running",0:00:00,0,0,0,"20160616_123216.745/LogFile.txt","","",0
2016-06-16 12:33:45.973 -0600,"Success",0:00:11,0,1,0,"20160616_123345.973/LogFile.txt","","",2
2016-06-16 12:35:37.572 -0600,"Success",0:00:10,0,1,0,"20160616_123537.572/LogFile.txt","","",2
2016-06-16 12:37:53.876 -0600,"Success",0:00:10,0,1,0,"20160616_123753.876/LogFile.txt","","",2
2016-06-16 12:39:16.288 -0600,"Success",0:00:10,0,1,0,"20160616_123916.288/LogFile.txt","","",2
2016-06-16 12:44:33.980 -0600,"Success",0:00:11,0,1,0,"20160616_124433.980/LogFile.txt","","",2
2016-06-16 12:56:53.280 -0600,"Success",0:00:16,0,0,0,"20160616_125653.280/LogFile.txt","","",4
