﻿<?xml version="1.0"?>
<runHistory script="TestStrings-Feature">
 <run>
  <RunDate>2016-06-16 11:47:29.858 -0600</RunDate>
  <Status>Failure</Status>
  <Duration>0.044079</Duration>
  <Errors>3</Errors>
  <Warnings>1</Warnings>
  <Exceptions>0</Exceptions>
  <Successes>0</Successes>
  <LogFile>20160616_114729.858/LogFile.txt</LogFile>
  <ReturnValue></ReturnValue>
  <ErrorMessage>SenseTalk Compiler Exception -- in i_should_see_the_message_str:
Syntax Error at line 6: Syntax Error - can&#x27;t understand &quot;if&quot; at or near character 152</ErrorMessage>
 </run>
 <run>
  <RunDate>2016-06-16 11:48:42.010 -0600</RunDate>
  <Status>Failure</Status>
  <Duration>0.017934</Duration>
  <Errors>3</Errors>
  <Warnings>1</Warnings>
  <Exceptions>0</Exceptions>
  <Successes>0</Successes>
  <LogFile>20160616_114842.010/LogFile.txt</LogFile>
  <ReturnValue></ReturnValue>
  <ErrorMessage>SenseTalk Compiler Exception -- in i_should_see_the_message_str:
Syntax Error at line 6: Syntax Error - can&#x27;t understand &quot;if&quot; at or near character 152</ErrorMessage>
 </run>
 <run>
  <RunDate>2016-06-16 12:01:40.931 -0600</RunDate>
  <Status>Failure</Status>
  <Duration>0.015099</Duration>
  <Errors>3</Errors>
  <Warnings>1</Warnings>
  <Exceptions>0</Exceptions>
  <Successes>0</Successes>
  <LogFile>20160616_120140.931/LogFile.txt</LogFile>
  <ReturnValue></ReturnValue>
  <ErrorMessage>SenseTalk Compiler Exception -- in i_should_see_the_message_str:
Syntax Error at line 5: Syntax Error - can&#x27;t understand &quot;if&quot; at or near character 150</ErrorMessage>
 </run>
 <run>
  <RunDate>2016-06-16 12:01:50.278 -0600</RunDate>
  <Status>Failure</Status>
  <Duration>0.014395</Duration>
  <Errors>3</Errors>
  <Warnings>1</Warnings>
  <Exceptions>0</Exceptions>
  <Successes>0</Successes>
  <LogFile>20160616_120150.278/LogFile.txt</LogFile>
  <ReturnValue></ReturnValue>
  <ErrorMessage>SenseTalk Compiler Exception -- in i_should_see_the_message_str:
Syntax Error at line 5: Syntax Error - can&#x27;t understand &quot;if&quot; at or near character 150</ErrorMessage>
 </run>
 <run>
  <RunDate>2016-06-16 12:02:24.746 -0600</RunDate>
  <Status>Failure</Status>
  <Duration>0.014376</Duration>
  <Errors>3</Errors>
  <Warnings>1</Warnings>
  <Exceptions>0</Exceptions>
  <Successes>0</Successes>
  <LogFile>20160616_120224.746/LogFile.txt</LogFile>
  <ReturnValue></ReturnValue>
  <ErrorMessage>SenseTalk Compiler Exception -- in i_should_see_the_message_str:
Syntax Error at line 5: Syntax Error - can&#x27;t understand &quot;if&quot; at or near character 150</ErrorMessage>
 </run>
 <run>
  <RunDate>2016-06-16 12:02:51.258 -0600</RunDate>
  <Status>Failure</Status>
  <Duration>0.014947</Duration>
  <Errors>3</Errors>
  <Warnings>1</Warnings>
  <Exceptions>0</Exceptions>
  <Successes>0</Successes>
  <LogFile>20160616_120251.258/LogFile.txt</LogFile>
  <ReturnValue></ReturnValue>
  <ErrorMessage>SenseTalk Compiler Exception -- in i_should_see_the_message_str:
Syntax Error at line 5: Syntax Error - can&#x27;t understand &quot;if&quot; at or near character 150</ErrorMessage>
 </run>
 <run>
  <RunDate>2016-06-16 12:04:11.677 -0600</RunDate>
  <Status>Failure</Status>
  <Duration>0.014872</Duration>
  <Errors>3</Errors>
  <Warnings>1</Warnings>
  <Exceptions>0</Exceptions>
  <Successes>0</Successes>
  <LogFile>20160616_120411.677/LogFile.txt</LogFile>
  <ReturnValue></ReturnValue>
  <ErrorMessage>SenseTalk Compiler Exception -- in i_should_see_the_message_str:
Syntax Error at line 5: Syntax Error - can&#x27;t understand &quot;if&quot; at or near character 150</ErrorMessage>
 </run>
 <run>
  <RunDate>2016-06-16 12:05:04.477 -0600</RunDate>
  <Status>Failure</Status>
  <Duration>0.013858</Duration>
  <Errors>3</Errors>
  <Warnings>1</Warnings>
  <Exceptions>0</Exceptions>
  <Successes>0</Successes>
  <LogFile>20160616_120504.477/LogFile.txt</LogFile>
  <ReturnValue></ReturnValue>
  <ErrorMessage>SenseTalk Compiler Exception -- in i_should_see_the_message_str:
Syntax Error at line 5: Syntax Error - can&#x27;t understand &quot;if&quot; at or near character 150</ErrorMessage>
 </run>
 <run>
  <RunDate>2016-06-16 12:05:54.498 -0600</RunDate>
  <Status>Failure</Status>
  <Duration>0.019499</Duration>
  <Errors>3</Errors>
  <Warnings>1</Warnings>
  <Exceptions>0</Exceptions>
  <Successes>0</Successes>
  <LogFile>20160616_120554.498/LogFile.txt</LogFile>
  <ReturnValue></ReturnValue>
  <ErrorMessage>SenseTalk Compiler Exception -- in i_should_see_the_message_str:
Syntax Error at line 5: Syntax Error - can&#x27;t understand &quot;if&quot; at or near character 150</ErrorMessage>
 </run>
 <run>
  <RunDate>2016-06-16 12:09:00.058 -0600</RunDate>
  <Status>Failure</Status>
  <Duration>1.068956</Duration>
  <Errors>2</Errors>
  <Warnings>1</Warnings>
  <Exceptions>0</Exceptions>
  <Successes>1</Successes>
  <LogFile>20160616_120900.058/LogFile.txt</LogFile>
  <ReturnValue></ReturnValue>
  <ErrorMessage>SenseTalk Compiler Exception -- in i_should_see_the_message_str:
Syntax Error at line 5: Syntax Error - can&#x27;t understand &quot;if&quot; at or near character 150</ErrorMessage>
 </run>
 <run>
  <RunDate>2016-06-16 12:10:00.334 -0600</RunDate>
  <Status>Failure</Status>
  <Duration>13.829126</Duration>
  <Errors>2</Errors>
  <Warnings>0</Warnings>
  <Exceptions>0</Exceptions>
  <Successes>2</Successes>
  <LogFile>20160616_121000.334/LogFile.txt</LogFile>
  <ReturnValue></ReturnValue>
  <ErrorMessage>SenseTalk Compiler Exception -- in i_should_see_the_message_str:
Syntax Error at line 5: Syntax Error - can&#x27;t understand &quot;if&quot; at or near character 150</ErrorMessage>
 </run>
 <run>
  <RunDate>2016-06-16 12:11:32.284 -0600</RunDate>
  <Status>Running</Status>
  <Duration>0.000000</Duration>
  <Errors></Errors>
  <Warnings></Warnings>
  <Exceptions></Exceptions>
  <Successes></Successes>
  <LogFile>20160616_121132.284/LogFile.txt</LogFile>
  <ReturnValue></ReturnValue>
  <ErrorMessage></ErrorMessage>
 </run>
 <run>
  <RunDate>2016-06-16 12:12:26.087 -0600</RunDate>
  <Status>Success</Status>
  <Duration>21.671463</Duration>
  <Errors>0</Errors>
  <Warnings>0</Warnings>
  <Exceptions>0</Exceptions>
  <Successes>3</Successes>
  <LogFile>20160616_121226.087/LogFile.txt</LogFile>
  <ReturnValue></ReturnValue>
  <ErrorMessage></ErrorMessage>
 </run>
 <run>
  <RunDate>2016-06-16 12:13:57.635 -0600</RunDate>
  <Status>Success</Status>
  <Duration>21.537655</Duration>
  <Errors>0</Errors>
  <Warnings>0</Warnings>
  <Exceptions>0</Exceptions>
  <Successes>3</Successes>
  <LogFile>20160616_121357.635/LogFile.txt</LogFile>
  <ReturnValue></ReturnValue>
  <ErrorMessage></ErrorMessage>
 </run>
 <run>
  <RunDate>2016-06-16 12:21:51.076 -0600</RunDate>
  <Status>Failure</Status>
  <Duration>56.308889</Duration>
  <Errors>2</Errors>
  <Warnings>1</Warnings>
  <Exceptions>1</Exceptions>
  <Successes>4</Successes>
  <LogFile>20160616_122151.076/LogFile.txt</LogFile>
  <ReturnValue></ReturnValue>
  <ErrorMessage>Image Not Found -- click Error - No Image Found On Screen: &quot;loginPanelPassword&quot;</ErrorMessage>
 </run>
 <run>
  <RunDate>2016-06-16 12:26:52.405 -0600</RunDate>
  <Status>Running</Status>
  <Duration>0.000000</Duration>
  <Errors></Errors>
  <Warnings></Warnings>
  <Exceptions></Exceptions>
  <Successes></Successes>
  <LogFile>20160616_122652.405/LogFile.txt</LogFile>
  <ReturnValue></ReturnValue>
  <ErrorMessage></ErrorMessage>
 </run>
 <run>
  <RunDate>2016-06-16 12:31:09.248 -0600</RunDate>
  <Status>Running</Status>
  <Duration>0.000000</Duration>
  <Errors></Errors>
  <Warnings></Warnings>
  <Exceptions></Exceptions>
  <Successes></Successes>
  <LogFile>20160616_123109.248/LogFile.txt</LogFile>
  <ReturnValue></ReturnValue>
  <ErrorMessage></ErrorMessage>
 </run>
 <run>
  <RunDate>2016-06-16 12:32:16.745 -0600</RunDate>
  <Status>Running</Status>
  <Duration>0.000000</Duration>
  <Errors></Errors>
  <Warnings></Warnings>
  <Exceptions></Exceptions>
  <Successes></Successes>
  <LogFile>20160616_123216.745/LogFile.txt</LogFile>
  <ReturnValue></ReturnValue>
  <ErrorMessage></ErrorMessage>
 </run>
 <run>
  <RunDate>2016-06-16 12:33:45.973 -0600</RunDate>
  <Status>Success</Status>
  <Duration>11.202903</Duration>
  <Errors>0</Errors>
  <Warnings>1</Warnings>
  <Exceptions>0</Exceptions>
  <Successes>2</Successes>
  <LogFile>20160616_123345.973/LogFile.txt</LogFile>
  <ReturnValue></ReturnValue>
  <ErrorMessage></ErrorMessage>
 </run>
 <run>
  <RunDate>2016-06-16 12:35:37.572 -0600</RunDate>
  <Status>Success</Status>
  <Duration>10.885966</Duration>
  <Errors>0</Errors>
  <Warnings>1</Warnings>
  <Exceptions>0</Exceptions>
  <Successes>2</Successes>
  <LogFile>20160616_123537.572/LogFile.txt</LogFile>
  <ReturnValue></ReturnValue>
  <ErrorMessage></ErrorMessage>
 </run>
 <run>
  <RunDate>2016-06-16 12:37:53.876 -0600</RunDate>
  <Status>Success</Status>
  <Duration>10.391678</Duration>
  <Errors>0</Errors>
  <Warnings>1</Warnings>
  <Exceptions>0</Exceptions>
  <Successes>2</Successes>
  <LogFile>20160616_123753.876/LogFile.txt</LogFile>
  <ReturnValue></ReturnValue>
  <ErrorMessage></ErrorMessage>
 </run>
 <run>
  <RunDate>2016-06-16 12:39:16.288 -0600</RunDate>
  <Status>Success</Status>
  <Duration>10.854392</Duration>
  <Errors>0</Errors>
  <Warnings>1</Warnings>
  <Exceptions>0</Exceptions>
  <Successes>2</Successes>
  <LogFile>20160616_123916.288/LogFile.txt</LogFile>
  <ReturnValue></ReturnValue>
  <ErrorMessage></ErrorMessage>
 </run>
 <run>
  <RunDate>2016-06-16 12:44:33.980 -0600</RunDate>
  <Status>Success</Status>
  <Duration>11.250223</Duration>
  <Errors>0</Errors>
  <Warnings>1</Warnings>
  <Exceptions>0</Exceptions>
  <Successes>2</Successes>
  <LogFile>20160616_124433.980/LogFile.txt</LogFile>
  <ReturnValue></ReturnValue>
  <ErrorMessage></ErrorMessage>
 </run>
 <run>
  <RunDate>2016-06-16 12:56:53.280 -0600</RunDate>
  <Status>Success</Status>
  <Duration>16.989000</Duration>
  <Errors>0</Errors>
  <Warnings>0</Warnings>
  <Exceptions>0</Exceptions>
  <Successes>4</Successes>
  <LogFile>20160616_125653.280/LogFile.txt</LogFile>
  <ReturnValue></ReturnValue>
  <ErrorMessage></ErrorMessage>
 </run>
</runHistory>
