﻿<?xml version="1.0"?>
<runHistory script="TestStrings">
 <run>
  <RunDate>2016-06-16 11:49:09.470 -0600</RunDate>
  <Status>Success</Status>
  <Duration>0.178621</Duration>
  <Errors>0</Errors>
  <Warnings>0</Warnings>
  <Exceptions>0</Exceptions>
  <Successes>1</Successes>
  <LogFile>20160616_114909.470/LogFile.txt</LogFile>
  <ReturnValue></ReturnValue>
  <ErrorMessage></ErrorMessage>
 </run>
 <run>
  <RunDate>2016-06-16 11:59:58.572 -0600</RunDate>
  <Status>Success</Status>
  <Duration>0.249663</Duration>
  <Errors>0</Errors>
  <Warnings>0</Warnings>
  <Exceptions>0</Exceptions>
  <Successes>1</Successes>
  <LogFile>20160616_115958.572/LogFile.txt</LogFile>
  <ReturnValue></ReturnValue>
  <ErrorMessage></ErrorMessage>
 </run>
 <run>
  <RunDate>2016-06-16 12:05:46.345 -0600</RunDate>
  <Status>Success</Status>
  <Duration>0.118662</Duration>
  <Errors>0</Errors>
  <Warnings>0</Warnings>
  <Exceptions>0</Exceptions>
  <Successes>1</Successes>
  <LogFile>20160616_120546.345/LogFile.txt</LogFile>
  <ReturnValue></ReturnValue>
  <ErrorMessage></ErrorMessage>
 </run>
</runHistory>
