﻿<?xml version="1.0"?>
<runHistory script="calcTest_withoutGherkin">
 <run>
  <RunDate>2016-06-14 14:47:41.859 -0600</RunDate>
  <Status>Success</Status>
  <Duration>67.468649</Duration>
  <Errors>0</Errors>
  <Warnings>0</Warnings>
  <Exceptions>0</Exceptions>
  <Successes>1</Successes>
  <LogFile>20160614_144741.859/LogFile.txt</LogFile>
  <ReturnValue></ReturnValue>
  <ErrorMessage></ErrorMessage>
 </run>
 <run>
  <RunDate>2016-06-14 14:54:48.594 -0600</RunDate>
  <Status>Success</Status>
  <Duration>65.043754</Duration>
  <Errors>0</Errors>
  <Warnings>0</Warnings>
  <Exceptions>0</Exceptions>
  <Successes>1</Successes>
  <LogFile>20160614_145448.594/LogFile.txt</LogFile>
  <ReturnValue></ReturnValue>
  <ErrorMessage></ErrorMessage>
 </run>
</runHistory>
