﻿Date Run,Status,Time,# of Errors,# of Warnings,# of Exceptions,Log File,Return Value,Error Message,# of Successes
2016-04-25 16:49:42.635 -0600,"Failure",0:00:00,1,0,1,"20160425_164942.635/LogFile.txt","","No Remote Connection -- setremoteclipboard Error - Remote Connection Unavailable",0
2016-06-10 12:18:10.709 -0600,"Failure",0:00:19,1,0,1,"20160610_121810.709/LogFile.txt","","Image Not Found -- click Error - No Image Found On Screen: ""Searchprogramsandfiles""",0
2016-06-10 12:23:47.083 -0600,"Running",0:00:00,0,0,0,"20160610_122347.083/LogFile.txt","","",0
2016-06-10 12:24:01.359 -0600,"Success",0:01:14,0,0,0,"20160610_122401.359/LogFile.txt","","",1
2016-06-10 13:29:32.372 -0600,"Success",0:00:46,0,0,0,"20160610_132932.372/LogFile.txt","","",1
