﻿<?xml version="1.0"?>
<runHistory script="Calculator_testsInputParms">
 <run>
  <RunDate>2016-04-25 16:49:42.635 -0600</RunDate>
  <Status>Failure</Status>
  <Duration>0.319682</Duration>
  <Errors>1</Errors>
  <Warnings>0</Warnings>
  <Exceptions>1</Exceptions>
  <Successes>0</Successes>
  <LogFile>20160425_164942.635/LogFile.txt</LogFile>
  <ReturnValue></ReturnValue>
  <ErrorMessage>No Remote Connection -- setremoteclipboard Error - Remote Connection Unavailable</ErrorMessage>
 </run>
 <run>
  <RunDate>2016-06-10 12:18:10.709 -0600</RunDate>
  <Status>Failure</Status>
  <Duration>19.414009</Duration>
  <Errors>1</Errors>
  <Warnings>0</Warnings>
  <Exceptions>1</Exceptions>
  <Successes>0</Successes>
  <LogFile>20160610_121810.709/LogFile.txt</LogFile>
  <ReturnValue></ReturnValue>
  <ErrorMessage>Image Not Found -- click Error - No Image Found On Screen: &quot;Searchprogramsandfiles&quot;</ErrorMessage>
 </run>
 <run>
  <RunDate>2016-06-10 12:23:47.083 -0600</RunDate>
  <Status>Running</Status>
  <Duration>0.000000</Duration>
  <Errors></Errors>
  <Warnings></Warnings>
  <Exceptions></Exceptions>
  <Successes></Successes>
  <LogFile>20160610_122347.083/LogFile.txt</LogFile>
  <ReturnValue></ReturnValue>
  <ErrorMessage></ErrorMessage>
 </run>
 <run>
  <RunDate>2016-06-10 12:24:01.359 -0600</RunDate>
  <Status>Success</Status>
  <Duration>74.705887</Duration>
  <Errors>0</Errors>
  <Warnings>0</Warnings>
  <Exceptions>0</Exceptions>
  <Successes>1</Successes>
  <LogFile>20160610_122401.359/LogFile.txt</LogFile>
  <ReturnValue></ReturnValue>
  <ErrorMessage></ErrorMessage>
 </run>
 <run>
  <RunDate>2016-06-10 13:29:32.372 -0600</RunDate>
  <Status>Success</Status>
  <Duration>46.083784</Duration>
  <Errors>0</Errors>
  <Warnings>0</Warnings>
  <Exceptions>0</Exceptions>
  <Successes>1</Successes>
  <LogFile>20160610_132932.372/LogFile.txt</LogFile>
  <ReturnValue></ReturnValue>
  <ErrorMessage></ErrorMessage>
 </run>
</runHistory>
