﻿<?xml version="1.0"?>
<runHistory script="NumberTest-Feature">
 <run>
  <RunDate>2016-06-15 10:24:51.583 -0600</RunDate>
  <Status>Success</Status>
  <Duration>3.686658</Duration>
  <Errors>0</Errors>
  <Warnings>0</Warnings>
  <Exceptions>0</Exceptions>
  <Successes>6</Successes>
  <LogFile>20160615_102451.583/LogFile.txt</LogFile>
  <ReturnValue></ReturnValue>
  <ErrorMessage></ErrorMessage>
 </run>
 <run>
  <RunDate>2016-06-15 10:25:08.271 -0600</RunDate>
  <Status>Success</Status>
  <Duration>4.012281</Duration>
  <Errors>0</Errors>
  <Warnings>0</Warnings>
  <Exceptions>0</Exceptions>
  <Successes>6</Successes>
  <LogFile>20160615_102508.271/LogFile.txt</LogFile>
  <ReturnValue></ReturnValue>
  <ErrorMessage></ErrorMessage>
 </run>
 <run>
  <RunDate>2016-06-15 10:37:47.881 -0600</RunDate>
  <Status>Success</Status>
  <Duration>3.500513</Duration>
  <Errors>0</Errors>
  <Warnings>0</Warnings>
  <Exceptions>0</Exceptions>
  <Successes>6</Successes>
  <LogFile>20160615_103747.881/LogFile.txt</LogFile>
  <ReturnValue></ReturnValue>
  <ErrorMessage></ErrorMessage>
 </run>
 <run>
  <RunDate>2016-06-15 10:38:19.482 -0600</RunDate>
  <Status>Success</Status>
  <Duration>2.922340</Duration>
  <Errors>0</Errors>
  <Warnings>0</Warnings>
  <Exceptions>0</Exceptions>
  <Successes>6</Successes>
  <LogFile>20160615_103819.482/LogFile.txt</LogFile>
  <ReturnValue></ReturnValue>
  <ErrorMessage></ErrorMessage>
 </run>
 <run>
  <RunDate>2016-06-15 10:50:45.910 -0600</RunDate>
  <Status>Success</Status>
  <Duration>3.343429</Duration>
  <Errors>0</Errors>
  <Warnings>0</Warnings>
  <Exceptions>0</Exceptions>
  <Successes>7</Successes>
  <LogFile>20160615_105045.910/LogFile.txt</LogFile>
  <ReturnValue></ReturnValue>
  <ErrorMessage></ErrorMessage>
 </run>
</runHistory>
