﻿<?xml version="1.0"?>
<runHistory script="calcTest_graphics-Feature">
 <run>
  <RunDate>2016-06-13 15:50:27.383 -0600</RunDate>
  <Status>Failure</Status>
  <Duration>0.118149</Duration>
  <Errors>31</Errors>
  <Warnings>6</Warnings>
  <Exceptions>30</Exceptions>
  <Successes>30</Successes>
  <LogFile>20160613_155027.383/LogFile.txt</LogFile>
  <ReturnValue></ReturnValue>
  <ErrorMessage>No Remote Connection -- click Error - Remote Connection Unavailable</ErrorMessage>
 </run>
 <run>
  <RunDate>2016-06-13 15:53:17.551 -0600</RunDate>
  <Status>Failure</Status>
  <Duration>29.243504</Duration>
  <Errors>18</Errors>
  <Warnings>0</Warnings>
  <Exceptions>17</Exceptions>
  <Successes>55</Successes>
  <LogFile>20160613_155317.551/LogFile.txt</LogFile>
  <ReturnValue></ReturnValue>
  <ErrorMessage>File Not Found -- waitfor Error - Could Not Open Image: 30</ErrorMessage>
 </run>
 <run>
  <RunDate>2016-06-13 15:54:20.267 -0600</RunDate>
  <Status>Failure</Status>
  <Duration>40.584694</Duration>
  <Errors>22</Errors>
  <Warnings>0</Warnings>
  <Exceptions>21</Exceptions>
  <Successes>51</Successes>
  <LogFile>20160613_155420.267/LogFile.txt</LogFile>
  <ReturnValue></ReturnValue>
  <ErrorMessage>File Not Found -- waitfor Error - Could Not Open Image: 30</ErrorMessage>
 </run>
 <run>
  <RunDate>2016-06-13 15:56:29.967 -0600</RunDate>
  <Status>Failure</Status>
  <Duration>40.480769</Duration>
  <Errors>22</Errors>
  <Warnings>0</Warnings>
  <Exceptions>21</Exceptions>
  <Successes>51</Successes>
  <LogFile>20160613_155629.967/LogFile.txt</LogFile>
  <ReturnValue></ReturnValue>
  <ErrorMessage>File Not Found -- waitfor Error - Could Not Open Image: 30</ErrorMessage>
 </run>
 <run>
  <RunDate>2016-06-13 15:58:37.782 -0600</RunDate>
  <Status>Failure</Status>
  <Duration>34.975549</Duration>
  <Errors>28</Errors>
  <Warnings>0</Warnings>
  <Exceptions>21</Exceptions>
  <Successes>45</Successes>
  <LogFile>20160613_155837.782/LogFile.txt</LogFile>
  <ReturnValue></ReturnValue>
  <ErrorMessage>File Not Found -- waitfor Error - Could Not Open Image: 30</ErrorMessage>
 </run>
 <run>
  <RunDate>2016-06-13 16:01:31.629 -0600</RunDate>
  <Status>Failure</Status>
  <Duration>41.988984</Duration>
  <Errors>22</Errors>
  <Warnings>0</Warnings>
  <Exceptions>15</Exceptions>
  <Successes>51</Successes>
  <LogFile>20160613_160131.629/LogFile.txt</LogFile>
  <ReturnValue></ReturnValue>
  <ErrorMessage>File Not Found -- waitfor Error - Could Not Open Image: 30</ErrorMessage>
 </run>
 <run>
  <RunDate>2016-06-13 16:03:32.527 -0600</RunDate>
  <Status>Failure</Status>
  <Duration>12.562951</Duration>
  <Errors>16</Errors>
  <Warnings>0</Warnings>
  <Exceptions>9</Exceptions>
  <Successes>57</Successes>
  <LogFile>20160613_160332.527/LogFile.txt</LogFile>
  <ReturnValue></ReturnValue>
  <ErrorMessage>SenseTalk Compiler Exception -- in the_product_is_var:
Syntax Error at line 6: Syntax Error - can&#x27;t understand &quot;the_product_is_VAR&quot; at or near character 125</ErrorMessage>
 </run>
 <run>
  <RunDate>2016-06-13 16:05:16.574 -0600</RunDate>
  <Status>Failure</Status>
  <Duration>18.713094</Duration>
  <Errors>16</Errors>
  <Warnings>0</Warnings>
  <Exceptions>9</Exceptions>
  <Successes>57</Successes>
  <LogFile>20160613_160516.574/LogFile.txt</LogFile>
  <ReturnValue></ReturnValue>
  <ErrorMessage>SenseTalk Compiler Exception -- in the_product_is_var:
Syntax Error at line 6: Syntax Error - can&#x27;t understand &quot;the_product_is_VAR&quot; at or near character 125</ErrorMessage>
 </run>
 <run>
  <RunDate>2016-06-13 16:06:13.241 -0600</RunDate>
  <Status>Running</Status>
  <Duration>0.000000</Duration>
  <Errors></Errors>
  <Warnings></Warnings>
  <Exceptions></Exceptions>
  <Successes></Successes>
  <LogFile>20160613_160613.241/LogFile.txt</LogFile>
  <ReturnValue></ReturnValue>
  <ErrorMessage></ErrorMessage>
 </run>
 <run>
  <RunDate>2016-06-13 16:08:24.120 -0600</RunDate>
  <Status>Failure</Status>
  <Duration>3.743353</Duration>
  <Errors>6</Errors>
  <Warnings>0</Warnings>
  <Exceptions>3</Exceptions>
  <Successes>19</Successes>
  <LogFile>20160613_160824.120/LogFile.txt</LogFile>
  <ReturnValue></ReturnValue>
  <ErrorMessage>SenseTalk Compiler Exception -- in the_product_is_var:
Syntax Error at line 6: Syntax Error - can&#x27;t understand &quot;the_product_is_VAR&quot; at or near character 125</ErrorMessage>
 </run>
 <run>
  <RunDate>2016-06-13 16:09:50.965 -0600</RunDate>
  <Status>Failure</Status>
  <Duration>13.676835</Duration>
  <Errors>4</Errors>
  <Warnings>0</Warnings>
  <Exceptions>1</Exceptions>
  <Successes>21</Successes>
  <LogFile>20160613_160950.965/LogFile.txt</LogFile>
  <ReturnValue></ReturnValue>
  <ErrorMessage>SenseTalk Compiler Exception -- in the_product_is_var:
Syntax Error at line 6: Syntax Error - can&#x27;t understand &quot;the_product_is_VAR&quot; at or near character 128</ErrorMessage>
 </run>
 <run>
  <RunDate>2016-06-13 16:13:01.583 -0600</RunDate>
  <Status>Failure</Status>
  <Duration>10.958675</Duration>
  <Errors>3</Errors>
  <Warnings>0</Warnings>
  <Exceptions>2</Exceptions>
  <Successes>22</Successes>
  <LogFile>20160613_161301.583/LogFile.txt</LogFile>
  <ReturnValue></ReturnValue>
  <ErrorMessage>File Not Found -- waitfor Error - Could Not Open Image: 2</ErrorMessage>
 </run>
 <run>
  <RunDate>2016-06-13 16:14:41.156 -0600</RunDate>
  <Status>Failure</Status>
  <Duration>9.677376</Duration>
  <Errors>3</Errors>
  <Warnings>0</Warnings>
  <Exceptions>2</Exceptions>
  <Successes>22</Successes>
  <LogFile>20160613_161441.156/LogFile.txt</LogFile>
  <ReturnValue></ReturnValue>
  <ErrorMessage>File Not Found -- waitfor Error - Could Not Open Image: 2</ErrorMessage>
 </run>
 <run>
  <RunDate>2016-06-13 16:16:46.621 -0600</RunDate>
  <Status>Failure</Status>
  <Duration>9.767771</Duration>
  <Errors>3</Errors>
  <Warnings>0</Warnings>
  <Exceptions>2</Exceptions>
  <Successes>22</Successes>
  <LogFile>20160613_161646.621/LogFile.txt</LogFile>
  <ReturnValue></ReturnValue>
  <ErrorMessage>File Not Found -- waitfor Error - Could Not Open Image: 2</ErrorMessage>
 </run>
 <run>
  <RunDate>2016-06-13 16:18:30.952 -0600</RunDate>
  <Status>Failure</Status>
  <Duration>9.661910</Duration>
  <Errors>3</Errors>
  <Warnings>0</Warnings>
  <Exceptions>2</Exceptions>
  <Successes>22</Successes>
  <LogFile>20160613_161830.952/LogFile.txt</LogFile>
  <ReturnValue></ReturnValue>
  <ErrorMessage>File Not Found -- waitfor Error - Could Not Open Image: 2</ErrorMessage>
 </run>
 <run>
  <RunDate>2016-06-13 16:20:41.588 -0600</RunDate>
  <Status>Failure</Status>
  <Duration>9.624805</Duration>
  <Errors>3</Errors>
  <Warnings>0</Warnings>
  <Exceptions>2</Exceptions>
  <Successes>22</Successes>
  <LogFile>20160613_162041.588/LogFile.txt</LogFile>
  <ReturnValue></ReturnValue>
  <ErrorMessage>File Not Found -- waitfor Error - Could Not Open Image: 2</ErrorMessage>
 </run>
 <run>
  <RunDate>2016-06-13 16:21:57.750 -0600</RunDate>
  <Status>Failure</Status>
  <Duration>10.033357</Duration>
  <Errors>3</Errors>
  <Warnings>0</Warnings>
  <Exceptions>2</Exceptions>
  <Successes>22</Successes>
  <LogFile>20160613_162157.750/LogFile.txt</LogFile>
  <ReturnValue></ReturnValue>
  <ErrorMessage>File Not Found -- waitfor Error - Could Not Open Image: 2</ErrorMessage>
 </run>
 <run>
  <RunDate>2016-06-13 16:40:15.188 -0600</RunDate>
  <Status>Failure</Status>
  <Duration>11.870788</Duration>
  <Errors>3</Errors>
  <Warnings>0</Warnings>
  <Exceptions>2</Exceptions>
  <Successes>22</Successes>
  <LogFile>20160613_164015.188/LogFile.txt</LogFile>
  <ReturnValue></ReturnValue>
  <ErrorMessage>File Not Found -- waitfor Error - Could Not Open Image: 2</ErrorMessage>
 </run>
 <run>
  <RunDate>2016-06-13 16:42:39.317 -0600</RunDate>
  <Status>Failure</Status>
  <Duration>9.525511</Duration>
  <Errors>3</Errors>
  <Warnings>0</Warnings>
  <Exceptions>2</Exceptions>
  <Successes>22</Successes>
  <LogFile>20160613_164239.317/LogFile.txt</LogFile>
  <ReturnValue></ReturnValue>
  <ErrorMessage>File Not Found -- waitfor Error - Could Not Open Image: 2</ErrorMessage>
 </run>
 <run>
  <RunDate>2016-06-13 16:43:08.839 -0600</RunDate>
  <Status>Failure</Status>
  <Duration>9.778098</Duration>
  <Errors>3</Errors>
  <Warnings>0</Warnings>
  <Exceptions>2</Exceptions>
  <Successes>22</Successes>
  <LogFile>20160613_164308.839/LogFile.txt</LogFile>
  <ReturnValue></ReturnValue>
  <ErrorMessage>File Not Found -- waitfor Error - Could Not Open Image: 2</ErrorMessage>
 </run>
 <run>
  <RunDate>2016-06-13 16:46:18.339 -0600</RunDate>
  <Status>Failure</Status>
  <Duration>9.246271</Duration>
  <Errors>3</Errors>
  <Warnings>0</Warnings>
  <Exceptions>2</Exceptions>
  <Successes>22</Successes>
  <LogFile>20160613_164618.339/LogFile.txt</LogFile>
  <ReturnValue></ReturnValue>
  <ErrorMessage>File Not Found -- waitfor Error - Could Not Open Image: 2</ErrorMessage>
 </run>
 <run>
  <RunDate>2016-06-13 16:49:58.336 -0600</RunDate>
  <Status>Failure</Status>
  <Duration>9.517022</Duration>
  <Errors>3</Errors>
  <Warnings>0</Warnings>
  <Exceptions>2</Exceptions>
  <Successes>22</Successes>
  <LogFile>20160613_164958.336/LogFile.txt</LogFile>
  <ReturnValue></ReturnValue>
  <ErrorMessage>File Not Found -- waitfor Error - Could Not Open Image: 2</ErrorMessage>
 </run>
 <run>
  <RunDate>2016-06-13 16:50:36.037 -0600</RunDate>
  <Status>Failure</Status>
  <Duration>9.488502</Duration>
  <Errors>3</Errors>
  <Warnings>0</Warnings>
  <Exceptions>2</Exceptions>
  <Successes>22</Successes>
  <LogFile>20160613_165036.037/LogFile.txt</LogFile>
  <ReturnValue></ReturnValue>
  <ErrorMessage>File Not Found -- waitfor Error - Could Not Open Image: 2</ErrorMessage>
 </run>
 <run>
  <RunDate>2016-06-13 16:51:30.001 -0600</RunDate>
  <Status>Failure</Status>
  <Duration>9.337250</Duration>
  <Errors>3</Errors>
  <Warnings>0</Warnings>
  <Exceptions>2</Exceptions>
  <Successes>22</Successes>
  <LogFile>20160613_165130.001/LogFile.txt</LogFile>
  <ReturnValue></ReturnValue>
  <ErrorMessage>File Not Found -- click Error - Could Not Open Image: EqualsButton1</ErrorMessage>
 </run>
 <run>
  <RunDate>2016-06-13 16:52:34.634 -0600</RunDate>
  <Status>Failure</Status>
  <Duration>10.046593</Duration>
  <Errors>3</Errors>
  <Warnings>0</Warnings>
  <Exceptions>2</Exceptions>
  <Successes>22</Successes>
  <LogFile>20160613_165234.634/LogFile.txt</LogFile>
  <ReturnValue></ReturnValue>
  <ErrorMessage>File Not Found -- click Error - Could Not Open Image: EqualsButton1</ErrorMessage>
 </run>
 <run>
  <RunDate>2016-06-13 16:53:15.514 -0600</RunDate>
  <Status>Failure</Status>
  <Duration>9.642893</Duration>
  <Errors>3</Errors>
  <Warnings>0</Warnings>
  <Exceptions>2</Exceptions>
  <Successes>22</Successes>
  <LogFile>20160613_165315.514/LogFile.txt</LogFile>
  <ReturnValue></ReturnValue>
  <ErrorMessage>File Not Found -- click Error - Could Not Open Image: EqualsButton1</ErrorMessage>
 </run>
 <run>
  <RunDate>2016-06-13 16:54:08.416 -0600</RunDate>
  <Status>Failure</Status>
  <Duration>9.724526</Duration>
  <Errors>3</Errors>
  <Warnings>0</Warnings>
  <Exceptions>2</Exceptions>
  <Successes>22</Successes>
  <LogFile>20160613_165408.416/LogFile.txt</LogFile>
  <ReturnValue></ReturnValue>
  <ErrorMessage>File Not Found -- click Error - Could Not Open Image: EqualsButton1</ErrorMessage>
 </run>
 <run>
  <RunDate>2016-06-13 16:55:30.185 -0600</RunDate>
  <Status>Failure</Status>
  <Duration>10.671128</Duration>
  <Errors>3</Errors>
  <Warnings>0</Warnings>
  <Exceptions>2</Exceptions>
  <Successes>22</Successes>
  <LogFile>20160613_165530.185/LogFile.txt</LogFile>
  <ReturnValue></ReturnValue>
  <ErrorMessage>File Not Found -- waitfor Error - Could Not Open Image: 2</ErrorMessage>
 </run>
 <run>
  <RunDate>2016-06-13 16:56:20.277 -0600</RunDate>
  <Status>Failure</Status>
  <Duration>10.675230</Duration>
  <Errors>3</Errors>
  <Warnings>0</Warnings>
  <Exceptions>2</Exceptions>
  <Successes>22</Successes>
  <LogFile>20160613_165620.277/LogFile.txt</LogFile>
  <ReturnValue></ReturnValue>
  <ErrorMessage>File Not Found -- waitfor Error - Could Not Open Image: 2</ErrorMessage>
 </run>
 <run>
  <RunDate>2016-06-13 17:06:23.710 -0600</RunDate>
  <Status>Failure</Status>
  <Duration>9.359926</Duration>
  <Errors>3</Errors>
  <Warnings>0</Warnings>
  <Exceptions>2</Exceptions>
  <Successes>22</Successes>
  <LogFile>20160613_170623.710/LogFile.txt</LogFile>
  <ReturnValue></ReturnValue>
  <ErrorMessage>File Not Found -- waitfor Error - Could Not Open Image: 2</ErrorMessage>
 </run>
 <run>
  <RunDate>2016-06-13 17:07:57.378 -0600</RunDate>
  <Status>Failure</Status>
  <Duration>9.451915</Duration>
  <Errors>3</Errors>
  <Warnings>0</Warnings>
  <Exceptions>2</Exceptions>
  <Successes>22</Successes>
  <LogFile>20160613_170757.378/LogFile.txt</LogFile>
  <ReturnValue></ReturnValue>
  <ErrorMessage>File Not Found -- waitfor Error - Could Not Open Image: 2</ErrorMessage>
 </run>
 <run>
  <RunDate>2016-06-13 17:11:23.755 -0600</RunDate>
  <Status>Failure</Status>
  <Duration>4.610812</Duration>
  <Errors>2</Errors>
  <Warnings>0</Warnings>
  <Exceptions>1</Exceptions>
  <Successes>11</Successes>
  <LogFile>20160613_171123.755/LogFile.txt</LogFile>
  <ReturnValue></ReturnValue>
  <ErrorMessage>File Not Found -- waitfor Error - Could Not Open Image: 3</ErrorMessage>
 </run>
 <run>
  <RunDate>2016-06-13 17:15:09.195 -0600</RunDate>
  <Status>Failure</Status>
  <Duration>4.643107</Duration>
  <Errors>2</Errors>
  <Warnings>0</Warnings>
  <Exceptions>1</Exceptions>
  <Successes>11</Successes>
  <LogFile>20160613_171509.195/LogFile.txt</LogFile>
  <ReturnValue></ReturnValue>
  <ErrorMessage>File Not Found -- waitfor Error - Could Not Open Image: 3</ErrorMessage>
 </run>
 <run>
  <RunDate>2016-06-13 17:18:04.913 -0600</RunDate>
  <Status>Failure</Status>
  <Duration>9.490515</Duration>
  <Errors>3</Errors>
  <Warnings>0</Warnings>
  <Exceptions>2</Exceptions>
  <Successes>22</Successes>
  <LogFile>20160613_171804.913/LogFile.txt</LogFile>
  <ReturnValue></ReturnValue>
  <ErrorMessage>File Not Found -- waitfor Error - Could Not Open Image: 2</ErrorMessage>
 </run>
 <run>
  <RunDate>2016-06-13 17:19:13.411 -0600</RunDate>
  <Status>Failure</Status>
  <Duration>9.887989</Duration>
  <Errors>2</Errors>
  <Warnings>0</Warnings>
  <Exceptions>1</Exceptions>
  <Successes>23</Successes>
  <LogFile>20160613_171913.411/LogFile.txt</LogFile>
  <ReturnValue></ReturnValue>
  <ErrorMessage>File Not Found -- waitfor Error - Could Not Open Image: 2</ErrorMessage>
 </run>
 <run>
  <RunDate>2016-06-13 17:20:12.616 -0600</RunDate>
  <Status>Success</Status>
  <Duration>9.480114</Duration>
  <Errors>0</Errors>
  <Warnings>0</Warnings>
  <Exceptions>0</Exceptions>
  <Successes>24</Successes>
  <LogFile>20160613_172012.616/LogFile.txt</LogFile>
  <ReturnValue></ReturnValue>
  <ErrorMessage></ErrorMessage>
 </run>
 <run>
  <RunDate>2016-06-14 09:00:20.335 -0600</RunDate>
  <Status>Failure</Status>
  <Duration>0.054972</Duration>
  <Errors>13</Errors>
  <Warnings>0</Warnings>
  <Exceptions>12</Exceptions>
  <Successes>12</Successes>
  <LogFile>20160614_090020.335/LogFile.txt</LogFile>
  <ReturnValue></ReturnValue>
  <ErrorMessage>No Remote Connection -- click Error - Remote Connection Unavailable</ErrorMessage>
 </run>
 <run>
  <RunDate>2016-06-14 09:01:53.451 -0600</RunDate>
  <Status>Failure</Status>
  <Duration>0.068275</Duration>
  <Errors>13</Errors>
  <Warnings>0</Warnings>
  <Exceptions>12</Exceptions>
  <Successes>12</Successes>
  <LogFile>20160614_090153.451/LogFile.txt</LogFile>
  <ReturnValue></ReturnValue>
  <ErrorMessage>No Remote Connection -- click Error - Remote Connection Unavailable</ErrorMessage>
 </run>
 <run>
  <RunDate>2016-06-14 09:04:45.420 -0600</RunDate>
  <Status>Success</Status>
  <Duration>20.652724</Duration>
  <Errors>0</Errors>
  <Warnings>0</Warnings>
  <Exceptions>0</Exceptions>
  <Successes>24</Successes>
  <LogFile>20160614_090445.420/LogFile.txt</LogFile>
  <ReturnValue></ReturnValue>
  <ErrorMessage></ErrorMessage>
 </run>
 <run>
  <RunDate>2016-06-14 09:07:13.822 -0600</RunDate>
  <Status>Success</Status>
  <Duration>29.039158</Duration>
  <Errors>0</Errors>
  <Warnings>0</Warnings>
  <Exceptions>0</Exceptions>
  <Successes>72</Successes>
  <LogFile>20160614_090713.822/LogFile.txt</LogFile>
  <ReturnValue></ReturnValue>
  <ErrorMessage></ErrorMessage>
 </run>
 <run>
  <RunDate>2016-06-14 09:09:29.423 -0600</RunDate>
  <Status>Success</Status>
  <Duration>28.342993</Duration>
  <Errors>0</Errors>
  <Warnings>0</Warnings>
  <Exceptions>0</Exceptions>
  <Successes>72</Successes>
  <LogFile>20160614_090929.423/LogFile.txt</LogFile>
  <ReturnValue></ReturnValue>
  <ErrorMessage></ErrorMessage>
 </run>
 <run>
  <RunDate>2016-06-14 09:25:02.046 -0600</RunDate>
  <Status>Failure</Status>
  <Duration>31.037421</Duration>
  <Errors>4</Errors>
  <Warnings>0</Warnings>
  <Exceptions>0</Exceptions>
  <Successes>69</Successes>
  <LogFile>20160614_092502.046/LogFile.txt</LogFile>
  <ReturnValue></ReturnValue>
  <ErrorMessage>SenseTalk Compiler Exception -- in the_sum_is_var:
Syntax Error at line 8: Syntax Error - can&#x27;t understand &quot;log&quot; at or near character 165</ErrorMessage>
 </run>
 <run>
  <RunDate>2016-06-14 09:29:47.606 -0600</RunDate>
  <Status>Failure</Status>
  <Duration>30.563665</Duration>
  <Errors>4</Errors>
  <Warnings>0</Warnings>
  <Exceptions>0</Exceptions>
  <Successes>69</Successes>
  <LogFile>20160614_092947.606/LogFile.txt</LogFile>
  <ReturnValue></ReturnValue>
  <ErrorMessage>SenseTalk Compiler Exception -- in the_sum_is_var:
Syntax Error at line 8: Syntax Error - can&#x27;t understand &quot;log&quot; at or near character 152</ErrorMessage>
 </run>
 <run>
  <RunDate>2016-06-14 09:32:03.689 -0600</RunDate>
  <Status>Failure</Status>
  <Duration>3.457174</Duration>
  <Errors>2</Errors>
  <Warnings>0</Warnings>
  <Exceptions>0</Exceptions>
  <Successes>11</Successes>
  <LogFile>20160614_093203.689/LogFile.txt</LogFile>
  <ReturnValue></ReturnValue>
  <ErrorMessage>SenseTalk Compiler Exception -- in the_sum_is_var:
Syntax Error at line 9: Syntax Error - can&#x27;t understand &quot;log&quot; at or near character 162</ErrorMessage>
 </run>
 <run>
  <RunDate>2016-06-14 09:33:59.978 -0600</RunDate>
  <Status>Success</Status>
  <Duration>5.852231</Duration>
  <Errors>0</Errors>
  <Warnings>0</Warnings>
  <Exceptions>0</Exceptions>
  <Successes>12</Successes>
  <LogFile>20160614_093359.978/LogFile.txt</LogFile>
  <ReturnValue></ReturnValue>
  <ErrorMessage></ErrorMessage>
 </run>
 <run>
  <RunDate>2016-06-14 09:44:07.425 -0600</RunDate>
  <Status>Failure</Status>
  <Duration>5.142817</Duration>
  <Errors>2</Errors>
  <Warnings>0</Warnings>
  <Exceptions>0</Exceptions>
  <Successes>5</Successes>
  <LogFile>20160614_094407.425/LogFile.txt</LogFile>
  <ReturnValue></ReturnValue>
  <ErrorMessage>SenseTalk Compiler Exception -- in the_sum_is_var:
Syntax Error at line 10: Syntax Error - can&#x27;t understand &quot;if&quot; at or near character 191</ErrorMessage>
 </run>
 <run>
  <RunDate>2016-06-14 09:44:58.083 -0600</RunDate>
  <Status>Failure</Status>
  <Duration>5.450496</Duration>
  <Errors>2</Errors>
  <Warnings>0</Warnings>
  <Exceptions>0</Exceptions>
  <Successes>5</Successes>
  <LogFile>20160614_094458.083/LogFile.txt</LogFile>
  <ReturnValue></ReturnValue>
  <ErrorMessage>SenseTalk Compiler Exception -- in the_sum_is_var:
Syntax Error at line 10: Syntax Error - can&#x27;t understand &quot;if&quot; at or near character 191</ErrorMessage>
 </run>
 <run>
  <RunDate>2016-06-14 09:51:13.069 -0600</RunDate>
  <Status>Failure</Status>
  <Duration>3.522766</Duration>
  <Errors>2</Errors>
  <Warnings>0</Warnings>
  <Exceptions>0</Exceptions>
  <Successes>5</Successes>
  <LogFile>20160614_095113.069/LogFile.txt</LogFile>
  <ReturnValue></ReturnValue>
  <ErrorMessage>SenseTalk Compiler Exception -- in the_sum_is_var:
Syntax Error at line 5: Syntax Error - can&#x27;t understand &quot;the_sum_is_VAR&quot; at or near character 88</ErrorMessage>
 </run>
 <run>
  <RunDate>2016-06-14 09:52:00.403 -0600</RunDate>
  <Status>Failure</Status>
  <Duration>4.257852</Duration>
  <Errors>2</Errors>
  <Warnings>0</Warnings>
  <Exceptions>0</Exceptions>
  <Successes>5</Successes>
  <LogFile>20160614_095200.403/LogFile.txt</LogFile>
  <ReturnValue></ReturnValue>
  <ErrorMessage>SenseTalk Compiler Exception -- in the_sum_is_var:
Syntax Error at line 6: Syntax Error - can&#x27;t understand &quot;the_sum_is_VAR&quot; at or near character 111</ErrorMessage>
 </run>
 <run>
  <RunDate>2016-06-14 09:53:23.202 -0600</RunDate>
  <Status>Success</Status>
  <Duration>5.895695</Duration>
  <Errors>0</Errors>
  <Warnings>0</Warnings>
  <Exceptions>0</Exceptions>
  <Successes>6</Successes>
  <LogFile>20160614_095323.202/LogFile.txt</LogFile>
  <ReturnValue></ReturnValue>
  <ErrorMessage></ErrorMessage>
 </run>
 <run>
  <RunDate>2016-06-14 09:54:45.470 -0600</RunDate>
  <Status>Success</Status>
  <Duration>27.702856</Duration>
  <Errors>0</Errors>
  <Warnings>0</Warnings>
  <Exceptions>0</Exceptions>
  <Successes>36</Successes>
  <LogFile>20160614_095445.470/LogFile.txt</LogFile>
  <ReturnValue></ReturnValue>
  <ErrorMessage></ErrorMessage>
 </run>
 <run>
  <RunDate>2016-06-14 11:56:52.626 -0600</RunDate>
  <Status>Failure</Status>
  <Duration>0.030791</Duration>
  <Errors>7</Errors>
  <Warnings>0</Warnings>
  <Exceptions>5</Exceptions>
  <Successes>0</Successes>
  <LogFile>20160614_115652.626/LogFile.txt</LogFile>
  <ReturnValue></ReturnValue>
  <ErrorMessage>SenseTalk Compiler Exception -- in the_sum_is_var:
Syntax Error at line 8: Syntax Error - can&#x27;t understand &quot;if&quot; at or near character 184</ErrorMessage>
 </run>
 <run>
  <RunDate>2016-06-14 11:58:46.933 -0600</RunDate>
  <Status>Failure</Status>
  <Duration>0.039492</Duration>
  <Errors>13</Errors>
  <Warnings>0</Warnings>
  <Exceptions>10</Exceptions>
  <Successes>0</Successes>
  <LogFile>20160614_115846.933/LogFile.txt</LogFile>
  <ReturnValue></ReturnValue>
  <ErrorMessage>SenseTalk Compiler Exception -- in the_sum_is_var:
Syntax Error at line 8: Syntax Error - can&#x27;t understand &quot;if&quot; at or near character 184</ErrorMessage>
 </run>
 <run>
  <RunDate>2016-06-14 11:59:56.687 -0600</RunDate>
  <Status>Failure</Status>
  <Duration>11.654401</Duration>
  <Errors>3</Errors>
  <Warnings>0</Warnings>
  <Exceptions>0</Exceptions>
  <Successes>10</Successes>
  <LogFile>20160614_115956.687/LogFile.txt</LogFile>
  <ReturnValue></ReturnValue>
  <ErrorMessage>SenseTalk Compiler Exception -- in the_sum_is_var:
Syntax Error at line 8: Syntax Error - can&#x27;t understand &quot;if&quot; at or near character 184</ErrorMessage>
 </run>
 <run>
  <RunDate>2016-06-14 12:00:55.224 -0600</RunDate>
  <Status>Failure</Status>
  <Duration>10.128141</Duration>
  <Errors>3</Errors>
  <Warnings>0</Warnings>
  <Exceptions>0</Exceptions>
  <Successes>10</Successes>
  <LogFile>20160614_120055.224/LogFile.txt</LogFile>
  <ReturnValue></ReturnValue>
  <ErrorMessage>SenseTalk Compiler Exception -- in the_sum_is_var:
Syntax Error at line 9: Syntax Error - can&#x27;t understand &quot;if&quot; at or near character 193</ErrorMessage>
 </run>
 <run>
  <RunDate>2016-06-14 12:01:26.386 -0600</RunDate>
  <Status>Failure</Status>
  <Duration>4.656542</Duration>
  <Errors>2</Errors>
  <Warnings>0</Warnings>
  <Exceptions>0</Exceptions>
  <Successes>5</Successes>
  <LogFile>20160614_120126.386/LogFile.txt</LogFile>
  <ReturnValue></ReturnValue>
  <ErrorMessage>SenseTalk Compiler Exception -- in the_sum_is_var:
Syntax Error at line 9: Syntax Error - can&#x27;t understand &quot;if&quot; at or near character 193</ErrorMessage>
 </run>
 <run>
  <RunDate>2016-06-14 12:02:16.651 -0600</RunDate>
  <Status>Failure</Status>
  <Duration>4.331752</Duration>
  <Errors>2</Errors>
  <Warnings>0</Warnings>
  <Exceptions>0</Exceptions>
  <Successes>5</Successes>
  <LogFile>20160614_120216.651/LogFile.txt</LogFile>
  <ReturnValue></ReturnValue>
  <ErrorMessage>SenseTalk Compiler Exception -- in the_sum_is_var:
Syntax Error at line 10: Syntax Error - can&#x27;t understand &quot;if&quot; at or near character 195</ErrorMessage>
 </run>
 <run>
  <RunDate>2016-06-14 12:03:03.233 -0600</RunDate>
  <Status>Failure</Status>
  <Duration>4.657894</Duration>
  <Errors>2</Errors>
  <Warnings>0</Warnings>
  <Exceptions>0</Exceptions>
  <Successes>5</Successes>
  <LogFile>20160614_120303.233/LogFile.txt</LogFile>
  <ReturnValue></ReturnValue>
  <ErrorMessage>SenseTalk Compiler Exception -- in the_sum_is_var:
Syntax Error at line 10: Syntax Error - can&#x27;t understand &quot;if&quot; at or near character 197</ErrorMessage>
 </run>
 <run>
  <RunDate>2016-06-14 12:05:21.844 -0600</RunDate>
  <Status>Failure</Status>
  <Duration>4.745032</Duration>
  <Errors>2</Errors>
  <Warnings>0</Warnings>
  <Exceptions>0</Exceptions>
  <Successes>5</Successes>
  <LogFile>20160614_120521.844/LogFile.txt</LogFile>
  <ReturnValue></ReturnValue>
  <ErrorMessage>SenseTalk Compiler Exception -- in the_sum_is_var:
Syntax Error at line 10: Syntax Error - can&#x27;t understand &quot;if&quot; at or near character 196</ErrorMessage>
 </run>
 <run>
  <RunDate>2016-06-14 12:12:09.385 -0600</RunDate>
  <Status>Failure</Status>
  <Duration>9.897081</Duration>
  <Errors>3</Errors>
  <Warnings>0</Warnings>
  <Exceptions>0</Exceptions>
  <Successes>10</Successes>
  <LogFile>20160614_121209.385/LogFile.txt</LogFile>
  <ReturnValue></ReturnValue>
  <ErrorMessage>SenseTalk Compiler Exception -- in the_sum_is_var:
Syntax Error at line 10: Syntax Error - can&#x27;t understand &quot;if&quot; at or near character 196</ErrorMessage>
 </run>
 <run>
  <RunDate>2016-06-14 12:13:18.357 -0600</RunDate>
  <Status>Failure</Status>
  <Duration>9.498769</Duration>
  <Errors>3</Errors>
  <Warnings>0</Warnings>
  <Exceptions>0</Exceptions>
  <Successes>10</Successes>
  <LogFile>20160614_121318.357/LogFile.txt</LogFile>
  <ReturnValue></ReturnValue>
  <ErrorMessage>SenseTalk Compiler Exception -- in the_sum_is_var:
Syntax Error at line 16: Syntax Error - can&#x27;t understand &quot;if&quot; at or near character 278</ErrorMessage>
 </run>
 <run>
  <RunDate>2016-06-14 12:13:40.041 -0600</RunDate>
  <Status>Failure</Status>
  <Duration>66.706535</Duration>
  <Errors>2</Errors>
  <Warnings>0</Warnings>
  <Exceptions>1</Exceptions>
  <Successes>11</Successes>
  <LogFile>20160614_121340.041/LogFile.txt</LogFile>
  <ReturnValue></ReturnValue>
  <ErrorMessage>Image Search Error -- imagefound Error - Searching For Image: OCR Error: OCR operation was aborted</ErrorMessage>
 </run>
</runHistory>
