﻿Date Run,Status,Time,# of Errors,# of Warnings,# of Exceptions,Log File,Return Value,Error Message,# of Successes
2016-06-13 15:50:27.383 -0600,"Failure",0:00:00,31,6,30,"20160613_155027.383/LogFile.txt","","No Remote Connection -- click Error - Remote Connection Unavailable",30
2016-06-13 15:53:17.551 -0600,"Failure",0:00:29,18,0,17,"20160613_155317.551/LogFile.txt","","File Not Found -- waitfor Error - Could Not Open Image: 30",55
2016-06-13 15:54:20.267 -0600,"Failure",0:00:40,22,0,21,"20160613_155420.267/LogFile.txt","","File Not Found -- waitfor Error - Could Not Open Image: 30",51
2016-06-13 15:56:29.967 -0600,"Failure",0:00:40,22,0,21,"20160613_155629.967/LogFile.txt","","File Not Found -- waitfor Error - Could Not Open Image: 30",51
2016-06-13 15:58:37.782 -0600,"Failure",0:00:34,28,0,21,"20160613_155837.782/LogFile.txt","","File Not Found -- waitfor Error - Could Not Open Image: 30",45
2016-06-13 16:01:31.629 -0600,"Failure",0:00:41,22,0,15,"20160613_160131.629/LogFile.txt","","File Not Found -- waitfor Error - Could Not Open Image: 30",51
2016-06-13 16:03:32.527 -0600,"Failure",0:00:12,16,0,9,"20160613_160332.527/LogFile.txt","","SenseTalk Compiler Exception -- in the_product_is_var:\nSyntax Error at line 6: Syntax Error - can't understand ""the_product_is_VAR"" at or near character 125",57
2016-06-13 16:05:16.574 -0600,"Failure",0:00:18,16,0,9,"20160613_160516.574/LogFile.txt","","SenseTalk Compiler Exception -- in the_product_is_var:\nSyntax Error at line 6: Syntax Error - can't understand ""the_product_is_VAR"" at or near character 125",57
2016-06-13 16:06:13.241 -0600,"Running",0:00:00,0,0,0,"20160613_160613.241/LogFile.txt","","",0
2016-06-13 16:08:24.120 -0600,"Failure",0:00:03,6,0,3,"20160613_160824.120/LogFile.txt","","SenseTalk Compiler Exception -- in the_product_is_var:\nSyntax Error at line 6: Syntax Error - can't understand ""the_product_is_VAR"" at or near character 125",19
2016-06-13 16:09:50.965 -0600,"Failure",0:00:13,4,0,1,"20160613_160950.965/LogFile.txt","","SenseTalk Compiler Exception -- in the_product_is_var:\nSyntax Error at line 6: Syntax Error - can't understand ""the_product_is_VAR"" at or near character 128",21
2016-06-13 16:13:01.583 -0600,"Failure",0:00:10,3,0,2,"20160613_161301.583/LogFile.txt","","File Not Found -- waitfor Error - Could Not Open Image: 2",22
2016-06-13 16:14:41.156 -0600,"Failure",0:00:09,3,0,2,"20160613_161441.156/LogFile.txt","","File Not Found -- waitfor Error - Could Not Open Image: 2",22
2016-06-13 16:16:46.621 -0600,"Failure",0:00:09,3,0,2,"20160613_161646.621/LogFile.txt","","File Not Found -- waitfor Error - Could Not Open Image: 2",22
2016-06-13 16:18:30.952 -0600,"Failure",0:00:09,3,0,2,"20160613_161830.952/LogFile.txt","","File Not Found -- waitfor Error - Could Not Open Image: 2",22
2016-06-13 16:20:41.588 -0600,"Failure",0:00:09,3,0,2,"20160613_162041.588/LogFile.txt","","File Not Found -- waitfor Error - Could Not Open Image: 2",22
2016-06-13 16:21:57.750 -0600,"Failure",0:00:10,3,0,2,"20160613_162157.750/LogFile.txt","","File Not Found -- waitfor Error - Could Not Open Image: 2",22
2016-06-13 16:40:15.188 -0600,"Failure",0:00:11,3,0,2,"20160613_164015.188/LogFile.txt","","File Not Found -- waitfor Error - Could Not Open Image: 2",22
2016-06-13 16:42:39.317 -0600,"Failure",0:00:09,3,0,2,"20160613_164239.317/LogFile.txt","","File Not Found -- waitfor Error - Could Not Open Image: 2",22
2016-06-13 16:43:08.839 -0600,"Failure",0:00:09,3,0,2,"20160613_164308.839/LogFile.txt","","File Not Found -- waitfor Error - Could Not Open Image: 2",22
2016-06-13 16:46:18.339 -0600,"Failure",0:00:09,3,0,2,"20160613_164618.339/LogFile.txt","","File Not Found -- waitfor Error - Could Not Open Image: 2",22
2016-06-13 16:49:58.336 -0600,"Failure",0:00:09,3,0,2,"20160613_164958.336/LogFile.txt","","File Not Found -- waitfor Error - Could Not Open Image: 2",22
2016-06-13 16:50:36.037 -0600,"Failure",0:00:09,3,0,2,"20160613_165036.037/LogFile.txt","","File Not Found -- waitfor Error - Could Not Open Image: 2",22
2016-06-13 16:51:30.001 -0600,"Failure",0:00:09,3,0,2,"20160613_165130.001/LogFile.txt","","File Not Found -- click Error - Could Not Open Image: EqualsButton1",22
2016-06-13 16:52:34.634 -0600,"Failure",0:00:10,3,0,2,"20160613_165234.634/LogFile.txt","","File Not Found -- click Error - Could Not Open Image: EqualsButton1",22
2016-06-13 16:53:15.514 -0600,"Failure",0:00:09,3,0,2,"20160613_165315.514/LogFile.txt","","File Not Found -- click Error - Could Not Open Image: EqualsButton1",22
2016-06-13 16:54:08.416 -0600,"Failure",0:00:09,3,0,2,"20160613_165408.416/LogFile.txt","","File Not Found -- click Error - Could Not Open Image: EqualsButton1",22
2016-06-13 16:55:30.185 -0600,"Failure",0:00:10,3,0,2,"20160613_165530.185/LogFile.txt","","File Not Found -- waitfor Error - Could Not Open Image: 2",22
2016-06-13 16:56:20.277 -0600,"Failure",0:00:10,3,0,2,"20160613_165620.277/LogFile.txt","","File Not Found -- waitfor Error - Could Not Open Image: 2",22
2016-06-13 17:06:23.710 -0600,"Failure",0:00:09,3,0,2,"20160613_170623.710/LogFile.txt","","File Not Found -- waitfor Error - Could Not Open Image: 2",22
2016-06-13 17:07:57.378 -0600,"Failure",0:00:09,3,0,2,"20160613_170757.378/LogFile.txt","","File Not Found -- waitfor Error - Could Not Open Image: 2",22
2016-06-13 17:11:23.755 -0600,"Failure",0:00:04,2,0,1,"20160613_171123.755/LogFile.txt","","File Not Found -- waitfor Error - Could Not Open Image: 3",11
2016-06-13 17:15:09.195 -0600,"Failure",0:00:04,2,0,1,"20160613_171509.195/LogFile.txt","","File Not Found -- waitfor Error - Could Not Open Image: 3",11
2016-06-13 17:18:04.913 -0600,"Failure",0:00:09,3,0,2,"20160613_171804.913/LogFile.txt","","File Not Found -- waitfor Error - Could Not Open Image: 2",22
2016-06-13 17:19:13.411 -0600,"Failure",0:00:09,2,0,1,"20160613_171913.411/LogFile.txt","","File Not Found -- waitfor Error - Could Not Open Image: 2",23
2016-06-13 17:20:12.616 -0600,"Success",0:00:09,0,0,0,"20160613_172012.616/LogFile.txt","","",24
2016-06-14 09:00:20.335 -0600,"Failure",0:00:00,13,0,12,"20160614_090020.335/LogFile.txt","","No Remote Connection -- click Error - Remote Connection Unavailable",12
2016-06-14 09:01:53.451 -0600,"Failure",0:00:00,13,0,12,"20160614_090153.451/LogFile.txt","","No Remote Connection -- click Error - Remote Connection Unavailable",12
2016-06-14 09:04:45.420 -0600,"Success",0:00:20,0,0,0,"20160614_090445.420/LogFile.txt","","",24
2016-06-14 09:07:13.822 -0600,"Success",0:00:29,0,0,0,"20160614_090713.822/LogFile.txt","","",72
2016-06-14 09:09:29.423 -0600,"Success",0:00:28,0,0,0,"20160614_090929.423/LogFile.txt","","",72
2016-06-14 09:25:02.046 -0600,"Failure",0:00:31,4,0,0,"20160614_092502.046/LogFile.txt","","SenseTalk Compiler Exception -- in the_sum_is_var:\nSyntax Error at line 8: Syntax Error - can't understand ""log"" at or near character 165",69
2016-06-14 09:29:47.606 -0600,"Failure",0:00:30,4,0,0,"20160614_092947.606/LogFile.txt","","SenseTalk Compiler Exception -- in the_sum_is_var:\nSyntax Error at line 8: Syntax Error - can't understand ""log"" at or near character 152",69
2016-06-14 09:32:03.689 -0600,"Failure",0:00:03,2,0,0,"20160614_093203.689/LogFile.txt","","SenseTalk Compiler Exception -- in the_sum_is_var:\nSyntax Error at line 9: Syntax Error - can't understand ""log"" at or near character 162",11
2016-06-14 09:33:59.978 -0600,"Success",0:00:05,0,0,0,"20160614_093359.978/LogFile.txt","","",12
2016-06-14 09:44:07.425 -0600,"Failure",0:00:05,2,0,0,"20160614_094407.425/LogFile.txt","","SenseTalk Compiler Exception -- in the_sum_is_var:\nSyntax Error at line 10: Syntax Error - can't understand ""if"" at or near character 191",5
2016-06-14 09:44:58.083 -0600,"Failure",0:00:05,2,0,0,"20160614_094458.083/LogFile.txt","","SenseTalk Compiler Exception -- in the_sum_is_var:\nSyntax Error at line 10: Syntax Error - can't understand ""if"" at or near character 191",5
2016-06-14 09:51:13.069 -0600,"Failure",0:00:03,2,0,0,"20160614_095113.069/LogFile.txt","","SenseTalk Compiler Exception -- in the_sum_is_var:\nSyntax Error at line 5: Syntax Error - can't understand ""the_sum_is_VAR"" at or near character 88",5
2016-06-14 09:52:00.403 -0600,"Failure",0:00:04,2,0,0,"20160614_095200.403/LogFile.txt","","SenseTalk Compiler Exception -- in the_sum_is_var:\nSyntax Error at line 6: Syntax Error - can't understand ""the_sum_is_VAR"" at or near character 111",5
2016-06-14 09:53:23.202 -0600,"Success",0:00:05,0,0,0,"20160614_095323.202/LogFile.txt","","",6
2016-06-14 09:54:45.470 -0600,"Success",0:00:27,0,0,0,"20160614_095445.470/LogFile.txt","","",36
2016-06-14 11:56:52.626 -0600,"Failure",0:00:00,7,0,5,"20160614_115652.626/LogFile.txt","","SenseTalk Compiler Exception -- in the_sum_is_var:\nSyntax Error at line 8: Syntax Error - can't understand ""if"" at or near character 184",0
2016-06-14 11:58:46.933 -0600,"Failure",0:00:00,13,0,10,"20160614_115846.933/LogFile.txt","","SenseTalk Compiler Exception -- in the_sum_is_var:\nSyntax Error at line 8: Syntax Error - can't understand ""if"" at or near character 184",0
2016-06-14 11:59:56.687 -0600,"Failure",0:00:11,3,0,0,"20160614_115956.687/LogFile.txt","","SenseTalk Compiler Exception -- in the_sum_is_var:\nSyntax Error at line 8: Syntax Error - can't understand ""if"" at or near character 184",10
2016-06-14 12:00:55.224 -0600,"Failure",0:00:10,3,0,0,"20160614_120055.224/LogFile.txt","","SenseTalk Compiler Exception -- in the_sum_is_var:\nSyntax Error at line 9: Syntax Error - can't understand ""if"" at or near character 193",10
2016-06-14 12:01:26.386 -0600,"Failure",0:00:04,2,0,0,"20160614_120126.386/LogFile.txt","","SenseTalk Compiler Exception -- in the_sum_is_var:\nSyntax Error at line 9: Syntax Error - can't understand ""if"" at or near character 193",5
2016-06-14 12:02:16.651 -0600,"Failure",0:00:04,2,0,0,"20160614_120216.651/LogFile.txt","","SenseTalk Compiler Exception -- in the_sum_is_var:\nSyntax Error at line 10: Syntax Error - can't understand ""if"" at or near character 195",5
2016-06-14 12:03:03.233 -0600,"Failure",0:00:04,2,0,0,"20160614_120303.233/LogFile.txt","","SenseTalk Compiler Exception -- in the_sum_is_var:\nSyntax Error at line 10: Syntax Error - can't understand ""if"" at or near character 197",5
2016-06-14 12:05:21.844 -0600,"Failure",0:00:04,2,0,0,"20160614_120521.844/LogFile.txt","","SenseTalk Compiler Exception -- in the_sum_is_var:\nSyntax Error at line 10: Syntax Error - can't understand ""if"" at or near character 196",5
2016-06-14 12:12:09.385 -0600,"Failure",0:00:09,3,0,0,"20160614_121209.385/LogFile.txt","","SenseTalk Compiler Exception -- in the_sum_is_var:\nSyntax Error at line 10: Syntax Error - can't understand ""if"" at or near character 196",10
2016-06-14 12:13:18.357 -0600,"Failure",0:00:09,3,0,0,"20160614_121318.357/LogFile.txt","","SenseTalk Compiler Exception -- in the_sum_is_var:\nSyntax Error at line 16: Syntax Error - can't understand ""if"" at or near character 278",10
2016-06-14 12:13:40.041 -0600,"Failure",0:01:06,2,0,1,"20160614_121340.041/LogFile.txt","","Image Search Error -- imagefound Error - Searching For Image: OCR Error: OCR operation was aborted",11
