﻿<?xml version="1.0"?>
<runHistory script="calcTest_graphics">
 <run>
  <RunDate>2016-06-13 16:56:02.474 -0600</RunDate>
  <Status>Success</Status>
  <Duration>0.203219</Duration>
  <Errors>0</Errors>
  <Warnings>0</Warnings>
  <Exceptions>0</Exceptions>
  <Successes>1</Successes>
  <LogFile>20160613_165602.474/LogFile.txt</LogFile>
  <ReturnValue></ReturnValue>
  <ErrorMessage></ErrorMessage>
 </run>
 <run>
  <RunDate>2016-06-13 17:19:07.874 -0600</RunDate>
  <Status>Success</Status>
  <Duration>0.194732</Duration>
  <Errors>0</Errors>
  <Warnings>0</Warnings>
  <Exceptions>0</Exceptions>
  <Successes>1</Successes>
  <LogFile>20160613_171907.874/LogFile.txt</LogFile>
  <ReturnValue></ReturnValue>
  <ErrorMessage></ErrorMessage>
 </run>
 <run>
  <RunDate>2016-06-14 09:44:50.024 -0600</RunDate>
  <Status>Success</Status>
  <Duration>0.271774</Duration>
  <Errors>0</Errors>
  <Warnings>0</Warnings>
  <Exceptions>0</Exceptions>
  <Successes>1</Successes>
  <LogFile>20160614_094450.024/LogFile.txt</LogFile>
  <ReturnValue></ReturnValue>
  <ErrorMessage></ErrorMessage>
 </run>
</runHistory>
