﻿<?xml version="1.0"?>
<statistics>
 <script name="calcTest_withoutGherkin">
  <LastStatus>Success</LastStatus>
  <NumberOfRuns>2</NumberOfRuns>
  <NumberOfFails>0</NumberOfFails>
  <FirstRun>2016-06-14 14:47:41 -0600</FirstRun>
  <LastRun>2016-06-14 14:54:48 -0600</LastRun>
  <TotalTimeOnSuccess>132.512403</TotalTimeOnSuccess>
 </script>
 <script name="ClipboardClear">
  <LastStatus>Success</LastStatus>
  <NumberOfRuns>1</NumberOfRuns>
  <NumberOfFails>0</NumberOfFails>
  <FirstRun>2016-03-25 15:12:36 -0600</FirstRun>
  <LastRun>2016-03-25 15:12:36 -0600</LastRun>
  <TotalTimeOnSuccess>1.969717</TotalTimeOnSuccess>
 </script>
 <script name="TestExtraSpace">
  <LastStatus>Success</LastStatus>
  <NumberOfRuns>5</NumberOfRuns>
  <NumberOfFails>0</NumberOfFails>
  <FirstRun>2016-06-17 11:51:27 -0600</FirstRun>
  <LastRun>2016-06-17 11:54:03 -0600</LastRun>
  <TotalTimeOnSuccess>0.084807</TotalTimeOnSuccess>
 </script>
 <script name="calcTest_withoutGherkin2">
  <LastStatus>Success</LastStatus>
  <NumberOfRuns>1</NumberOfRuns>
  <NumberOfFails>0</NumberOfFails>
  <FirstRun>2016-06-14 15:34:10 -0600</FirstRun>
  <LastRun>2016-06-14 15:34:10 -0600</LastRun>
  <TotalTimeOnSuccess>64.742560</TotalTimeOnSuccess>
 </script>
 <script name="calcTest_graphics">
  <LastStatus>Failure</LastStatus>
  <NumberOfRuns>64</NumberOfRuns>
  <NumberOfFails>54</NumberOfFails>
  <FirstRun>2016-06-13 15:50:27 -0600</FirstRun>
  <LastRun>2016-06-14 12:13:40 -0600</LastRun>
  <TotalTimeOnSuccess>127.635496</TotalTimeOnSuccess>
 </script>
 <script name="TestStrings">
  <LastStatus>Success</LastStatus>
  <NumberOfRuns>23</NumberOfRuns>
  <NumberOfFails>12</NumberOfFails>
  <FirstRun>2016-06-16 11:47:29 -0600</FirstRun>
  <LastRun>2016-06-16 12:56:53 -0600</LastRun>
  <TotalTimeOnSuccess>115.330226</TotalTimeOnSuccess>
 </script>
 <script name="NumberTest">
  <LastStatus>Success</LastStatus>
  <NumberOfRuns>5</NumberOfRuns>
  <NumberOfFails>0</NumberOfFails>
  <FirstRun>2016-06-15 10:24:51 -0600</FirstRun>
  <LastRun>2016-06-15 10:50:45 -0600</LastRun>
  <TotalTimeOnSuccess>17.465221</TotalTimeOnSuccess>
 </script>
 <script name="Scripts">
  <LastStatus>Success</LastStatus>
  <NumberOfRuns>3</NumberOfRuns>
  <NumberOfFails>0</NumberOfFails>
  <FirstRun>2016-01-27 09:42:34 -0700</FirstRun>
  <LastRun>2016-01-27 10:25:04 -0700</LastRun>
  <TotalTimeOnSuccess>0.122740</TotalTimeOnSuccess>
 </script>
 <script name="Calculator_testsInputParms">
  <LastStatus>Success</LastStatus>
  <NumberOfRuns>6</NumberOfRuns>
  <NumberOfFails>2</NumberOfFails>
  <FirstRun>2016-04-20 10:58:02 -0600</FirstRun>
  <LastRun>2016-06-10 13:29:32 -0600</LastRun>
  <TotalTimeOnSuccess>203.170177</TotalTimeOnSuccess>
 </script>
</statistics>
