﻿<?xml version="1.0"?>
<runHistory script="Untitled-Feature">
 <run>
  <RunDate>2016-06-14 11:39:15.167 -0600</RunDate>
  <Status>Success</Status>
  <Duration>0.027008</Duration>
  <Errors>0</Errors>
  <Warnings>0</Warnings>
  <Exceptions>0</Exceptions>
  <Successes>3</Successes>
  <LogFile>20160614_113915.167/LogFile.txt</LogFile>
  <ReturnValue></ReturnValue>
  <ErrorMessage></ErrorMessage>
 </run>
 <run>
  <RunDate>2016-06-14 11:40:22.654 -0600</RunDate>
  <Status>Success</Status>
  <Duration>0.016865</Duration>
  <Errors>0</Errors>
  <Warnings>0</Warnings>
  <Exceptions>0</Exceptions>
  <Successes>3</Successes>
  <LogFile>20160614_114022.654/LogFile.txt</LogFile>
  <ReturnValue></ReturnValue>
  <ErrorMessage></ErrorMessage>
 </run>
</runHistory>
