﻿<?xml version="1.0"?>
<runHistory script="Untitled">
 <run>
  <RunDate>2016-06-13 17:13:37.454 -0600</RunDate>
  <Status>Success</Status>
  <Duration>0.677200</Duration>
  <Errors>0</Errors>
  <Warnings>0</Warnings>
  <Exceptions>0</Exceptions>
  <Successes>1</Successes>
  <LogFile>20160613_171337.454/LogFile.txt</LogFile>
  <ReturnValue></ReturnValue>
  <ErrorMessage></ErrorMessage>
 </run>
 <run>
  <RunDate>2016-06-13 17:13:39.109 -0600</RunDate>
  <Status>Success</Status>
  <Duration>1.045654</Duration>
  <Errors>0</Errors>
  <Warnings>0</Warnings>
  <Exceptions>0</Exceptions>
  <Successes>1</Successes>
  <LogFile>20160613_171339.109/LogFile.txt</LogFile>
  <ReturnValue></ReturnValue>
  <ErrorMessage></ErrorMessage>
 </run>
 <run>
  <RunDate>2016-06-13 17:16:02.364 -0600</RunDate>
  <Status>Failure</Status>
  <Duration>0.228409</Duration>
  <Errors>1</Errors>
  <Warnings>0</Warnings>
  <Exceptions>1</Exceptions>
  <Successes>0</Successes>
  <LogFile>20160613_171602.364/LogFile.txt</LogFile>
  <ReturnValue></ReturnValue>
  <ErrorMessage>File Not Found -- click Error - Could Not Open Image: EqualsButton1</ErrorMessage>
 </run>
</runHistory>
